country,iso3,diaspora_1990,diaspora_2010,diaspora_2024,growth_1990_2024
Afghanistan,AFG,7477104,5074825,7528994,1.0069398526488331
Albania,ALB,178747,962514,1216628,6.806424723212138
Algeria,DZA,1458505,1604582,1780399,1.2207013345857574
American Samoa*,ASM,1085,2341,3362,3.0986175115207373
Andorra,AND,143,1213,1982,13.86013986013986
Angola,AGO,799084,579968,616967,0.7720927962517082
Anguilla*,AIA,2262,1719,1614,0.713527851458886
Antigua and Barbuda,ATG,7368,8143,13111,1.7794516829533116
Argentina,ARG,406466,877341,1183381,2.911389882548602
Armenia,ARM,813557,799328,637604,0.7837238202117368
Aruba*,ABW,4564,7117,29305,6.420902716914987
Australia*,AUS,250909,362178,430718,1.7166303321124392
Austria,AUT,433951,409023,430560,0.992185753691085
Azerbaijan,AZE,1334492,1050055,810116,0.6070594653246328
Bahamas,BHS,2074,1867,2174,1.0482160077145612
Bahrain,BHR,11251,42283,57160,5.0804372944627145
Bangladesh,BGD,5076540,6221642,8706947,1.7151341267871425
Barbados,BRB,20659,20844,19558,0.9467060361101699
Belarus,BLR,1768067,1310899,790232,0.44694686343899864
Belgium,BEL,312709,405732,521884,1.668912631232232
Belize,BLZ,3528,5247,7383,2.0926870748299318
Benin,BEN,226170,533981,726530,3.2123181677499226
Bermuda*,BMU,433,748,1100,2.540415704387991
Bhutan,BTN,27169,88335,66145,2.434576171371784
Bolivia (Plurinational State of),BOL,199843,648912,783473,3.9204425473997087
"Bonaire, Sint Eustatius and Saba*",BES,2852,2883,4744,1.6633941093969145
Bosnia and Herzegovina,BIH,1108999,1481062,1608324,1.4502483771401056
Botswana,BWA,23982,19869,16731,0.6976482361771329
Brazil,BRA,446721,1365997,2194325,4.9120703974068824
British Virgin Islands*,VGB,3832,4534,6185,1.6140396659707725
Brunei Darussalam,BRN,31408,45555,46552,1.4821701477330615
Bulgaria,BGR,597707,926056,1252234,2.095063300245773
Burkina Faso,BFA,1015890,1601296,2050050,2.017984230576145
Burundi,BDI,342568,290788,576530,1.6829651339296139
Cabo Verde,CPV,51800,99281,146396,2.8261776061776063
Cambodia,KHM,261096,613439,778793,2.9827841100591352
Cameroon,CMR,92391,214405,409677,4.434165665486898
Canada,CAN,1114493,1255259,1347381,1.2089631787727693
Cayman Islands*,CYM,125,248,609,4.872
Central African Republic,CAF,37143,228473,905808,24.387044665212827
Chad,TCD,329970,191459,292298,0.885832045337455
Chile,CHL,390979,435797,444451,1.1367643786494928
China,CHN,3990935,8773150,11701619,2.932049507195682
"China, Hong Kong SAR",HKG,569282,903793,1240250,2.1786214916333204
"China, Macao SAR",MAC,73961,101050,149247,2.0179148470139667
"China, Taiwan Province of China",TWN,388755,723110,832507,2.141469563092436
Colombia,COL,1000769,2558298,3652238,3.649431587109513
Comoros,COM,32522,111510,367574,11.302318430600824
Congo,COG,64367,169150,231080,3.5900383737008092
Cook Islands*,COK,17630,20294,20288,1.1507657402155418
Costa Rica,CRI,22922,34241,50982,2.224151470203298
Croatia,HRV,840829,847561,826166,0.9825612579965725
Cuba,CUB,839585,1337631,1879613,2.2387405682569366
Curaçao*,CUW,3029,5354,10103,3.335424232419941
Cyprus,CYP,87065,68736,80760,0.9275828404065928
Czechia,CZE,532885,660378,583214,1.0944462688947896
Côte d'Ivoire,CIV,353717,902169,1211422,3.4248339774452456
Dem. People's Republic of Korea,PRK,31450,49563,46379,1.474689984101749
Democratic Republic of the Congo,COD,393133,1242847,2097387,5.335057092637861
Denmark*,DNK,124563,124567,124665,1.0008188627441537
Djibouti,DJI,1963,2577,3576,1.8217014773306164
Dominica,DMA,18686,20788,21384,1.144386171465268
Dominican Republic,DOM,462285,1212240,1917153,4.147123527693955
Ecuador,ECU,209258,1122949,1243065,5.9403463666861
Egypt,EGY,1630728,3213308,4820002,2.9557363337110787
El Salvador,SLV,955569,1359464,1834670,1.9199764747495995
Equatorial Guinea,GNQ,27829,83286,136825,4.916633727406662
Eritrea,ERI,156294,283312,912792,5.8402241928672884
Estonia,EST,106726,116903,124216,1.1638775930888443
Eswatini,SWZ,31331,37292,11561,0.36899556349940954
Ethiopia,ETH,1630810,666181,1240645,0.7607538585120278
Falkland Islands (Malvinas)*,FLK,1082,414,93,0.08595194085027727
Faroe Islands*,FRO,7941,12146,12282,1.5466565923687192
Fiji,FJI,65039,138607,181025,2.7833300019988005
Finland*,FIN,266717,221943,181834,0.6817488199102419
France*,FRA,1413608,2042164,2547158,1.8018842564558208
French Guiana*,GUF,3047,3815,4490,1.4735805710534953
French Polynesia*,PYF,3056,1312,2008,0.6570680628272252
Gabon,GAB,14265,36042,61160,4.287416754293726
Gambia,GMB,14218,34151,72452,5.0957940638627095
Georgia,GEO,1057640,780487,496486,0.4694281608108619
Germany,DEU,3870620,4260810,4297233,1.110218259606988
Ghana,GHA,344686,718300,1055494,3.062189935187388
Gibraltar*,GIB,477,511,474,0.9937106918238994
Greece,GRC,878261,703538,780112,0.8882462047159102
Greenland*,GRL,10313,15437,18491,1.792979734315912
Grenada,GRD,23961,21140,26300,1.0976169608947874
Guadeloupe*,GLP,7510,10282,12374,1.647669773635153
Guam*,GUM,1539,1228,1179,0.7660818713450293
Guatemala,GTM,323376,919782,1460232,4.515585572213151
Guinea,GIN,334951,382773,508203,1.5172458061029823
Guinea-Bissau,GNB,45577,78973,103999,2.281830747964982
Guyana,GUY,217690,404368,469649,2.157421103403923
Haiti,HTI,521381,1157011,2017692,3.869899363421375
Holy See*,VAT,22,74,313,14.227272727272727
Honduras,HND,157813,604765,1397584,8.855949763327482
Hungary,HUN,355019,378410,538794,1.5176483512150054
Iceland,ISL,6586,16404,23326,3.541755238384452
India,IND,6575416,12350515,18533845,2.8186574050980195
Indonesia,IDN,1309876,3031600,3745148,2.8591622413113913
Iran (Islamic Republic of),IRN,604892,1028854,1733468,2.865747935168592
Iraq,IRQ,598492,2697913,2313028,3.8647600970439036
Ireland,IRL,927001,765462,714405,0.7706625990694724
Isle of Man*,IMN,699,889,908,1.2989985693848354
Israel,ISR,263368,300419,324804,1.233270556787461
Italy,ITA,3354372,2666862,2941444,0.8768985670044944
Jamaica,JAM,611422,1005109,1248512,2.041980825027559
Japan,JPN,710783,909212,1008173,1.4183977388316829
Jordan,JOR,265920,486197,659204,2.478956077015644
Kazakhstan,KAZ,3178221,3753542,2796572,0.879917412917478
Kenya,KEN,238008,390142,540466,2.270789217169171
Kiribati,KIR,3919,3344,6306,1.6090839499872416
Kuwait,KWT,64245,117370,167850,2.6126546812981557
Kyrgyzstan,KGZ,606963,713989,540573,0.8906193623005026
Lao People's Democratic Republic,LAO,311756,563709,660258,2.117867819705154
Latvia,LVA,181952,183282,161014,0.8849256946887091
Lebanon,LBN,408352,550096,681720,1.6694420499960818
Lesotho,LSO,130251,161987,246938,1.8958626037420059
"Less developed regions, excluding China",CHN,82863656,135067900,200378620,2.4181725701313495
Liberia,LBR,539145,186132,145919,0.2706488977918742
Libya,LBY,78841,99826,156874,1.9897515252216487
Liechtenstein,LIE,22,264,346,15.727272727272727
Lithuania,LTU,343671,354264,459268,1.336359483343081
Luxembourg,LUX,27725,36675,61859,2.2311632100991883
Madagascar,MDG,82170,156279,212455,2.5855543385663866
Malawi,MWI,138206,259343,427573,3.0937368855187186
Malaysia,MYS,663690,1647051,2433875,3.667186487667435
Maldives,MDV,1685,2624,2773,1.6456973293768546
Mali,MLI,587626,897610,1292519,2.199560604874529
Malta,MLT,66353,58858,43940,0.6622157249860594
Marshall Islands,MHL,314,379,400,1.2738853503184713
Martinique*,MTQ,10837,14145,12893,1.1897204023253667
Mauritania,MRT,111270,73350,91705,0.8241664419879572
Mauritius,MUS,64202,102296,114314,1.780536431886857
Mayotte,MYT,1835,6336,6960,3.79291553133515
Mexico,MEX,4588874,12108928,11596529,2.5270968433650607
Micronesia (Fed. States of),FSM,4940,12464,13568,2.746558704453441
Monaco,MCO,15534,26148,36682,2.361400798249002
Mongolia,MNG,71033,114217,175596,2.4720341249841624
Montenegro,MNE,108639,100961,90678,0.8346726313754729
Montserrat*,MSR,2006,2993,3341,1.6655034895314058
Morocco,MAR,1297857,2733747,3627829,2.795245547082614
Mozambique,MOZ,1989048,655516,702796,0.3533328506903805
Myanmar,MMR,529164,2129897,4320462,8.16469374333855
Namibia,NAM,45857,45530,40371,0.8803672285583444
Nauru,NRU,1370,2092,2484,1.813138686131387
Nepal,NPL,523915,1402556,2637195,5.033631409675234
Netherlands*,NLD,482951,597525,631391,1.3073603740338047
New Caledonia*,NCL,3957,5055,5082,1.2843062926459439
New Zealand*,NZL,329134,620805,679772,2.0653350914824964
Nicaragua,NIC,445757,609093,905251,2.030817238988956
Niger,NER,162733,350773,439378,2.699993240461369
Nigeria,NGA,394107,978678,2094265,5.313950272387956
Niue*,NIU,5640,5231,4955,0.8785460992907801
North Macedonia,MKD,398374,430535,534616,1.3419952105308077
Northern Mariana Islands*,MNP,2229,2542,2779,1.246747420367878
Norway*,NOR,88450,98853,120891,1.3667721876766534
Oman,OMN,10920,14009,17095,1.5654761904761905
Pakistan,PAK,3131865,4684523,6915057,2.2079677763888292
Palau,PLW,2951,2554,2674,0.9061335140630294
Panama,PAN,144087,173244,194816,1.3520720120482763
Papua New Guinea,PNG,26144,30830,35050,1.3406517747858018
Paraguay,PRY,321268,681322,746362,2.3231756664218035
Peru,PER,302008,1231719,1672482,5.537873168922678
Philippines,PHL,2167140,4941994,6988383,3.2247030648689057
Poland,POL,2317607,3673715,4572613,1.9729889493775261
Portugal,PRT,1589830,1727839,1799179,1.1316801167420416
Puerto Rico*,PRI,922587,1554887,1948223,2.1116956991589952
Qatar,QAT,11435,15397,19821,1.7333624836029733
Republic of Korea,KOR,1744465,2164782,2030473,1.1639516986583278
Republic of Moldova*,MDA,634901,717352,864257,1.361246871559503
Romania,ROU,957791,2979844,4583819,4.785823838394807
Russian Federation,RUS,12427364,8545806,9134094,0.7349985081309278
Rwanda,RWA,584280,334656,539046,0.92258163894023415
Réunion,REU,3903,2425,2357,0.603894440174225
Saint Helena,SHN,152,396,591,3.888157894736842
Saint Kitts and Nevis,KNA,9854,11543,13872,1.4077531966714025
Saint Lucia,LCA,14018,17985,21706,1.5484377229276645
Saint Pierre and Miquelon*,SPM,61,105,156,2.557377049180328
Saint Vincent and the Grenadines,VCT,23344,26840,35264,1.510623714873201
Samoa,WSM,64643,88359,119313,1.84572188790743
San Marino,SMR,2457,1954,1991,0.8103378103378104
Sao Tome and Principe,STP,13668,29623,41433,3.031387181738367
Saudi Arabia,SAU,73557,143733,236699,3.2178990442785866
Senegal,SEN,325275,498417,741357,2.2791699331335025
Serbia*,SRB,366262,620292,963307,2.6301035870497076
Seychelles,SYC,10497,20399,22191,2.1140325807373537
Sierra Leone,SLE,42497,57946,63631,1.4973056921665058
Singapore,SGP,156619,231411,269613,1.7214578052471283
Sint Maarten (Dutch part)*,SXM,1108,1698,2464,2.223826714801444
Slovakia,SVK,322859,399133,389909,1.2076757965551526
Slovenia,SVN,112702,91568,78808,0.6992599953860623
Solomon Islands,SLB,2171,3024,8352,3.8470750806080147
Somalia,SOM,599233,1237640,1935594,3.2301191690043773
South Africa,ZAF,295392,704402,1005800,3.4049669591593545
South Sudan,SSD,479199,321713,3168836,6.61277673784795
Spain*,ESP,1374696,1138608,1623550,1.1810247501993167
Sri Lanka,LKA,843476,1108466,1492103,1.7689928344137829
State of Palestine,PSE,1824634,3493678,4233248,2.320053227112944
Sudan,SDN,465978,1194477,3786603,8.126141148294554
Suriname,SUR,201053,243661,258026,1.2833730409394537
Sweden,SWE,114669,177468,223508,1.949158011319537
Switzerland,CHE,396651,491884,512547,1.2921863300483296
Syrian Arab Republic,SYR,296211,1265925,8927523,30.139066408742416
Tajikistan,TJK,552860,555214,514478,0.9305755525811236
Thailand,THA,298071,724614,1178757,3.9546181949938104
Timor-Leste,TLS,27505,45740,109613,3.9852026904199236
Togo,TGO,184145,407152,584790,3.175703928969019
Tokelau*,TKL,295,703,688,2.3322033898305086
Tonga,TON,19954,34619,53237,2.66798636864789
Trinidad and Tobago,TTO,181630,314851,323630,1.7818091724935308
Tunisia,TUN,453179,569831,715249,1.5782924628016743
Turkmenistan,TKM,293445,342391,365787,1.2465266063487195
Turks and Caicos Islands*,TCA,2246,2009,2663,1.1856634016028496
Tuvalu,TUV,1265,1035,1239,0.9794466403162055
Türkiye,TUR,1862302,2709646,3130337,1.6808965463174073
Uganda,UGA,247275,582479,578034,2.3376160145586895
Ukraine*,UKR,5528990,5179224,9769216,1.7669078801010674
United Arab Emirates,ARE,61137,108381,166074,2.7164237695667106
United Kingdom*,GBR,3869251,4535077,4804944,1.241827940342976
United Republic of Tanzania,TZA,194717,208185,225017,1.155610450037747
United States Virgin Islands*,VIR,2348,3555,4047,1.723594548551959
United States of America*,USA,1725058,2774899,3186999,1.8474735342231972
Uruguay,URY,178551,272665,263285,1.474564690200559
Uzbekistan,UZB,1449406,2073283,2114480,1.4588596983867874
Vanuatu,VUT,4927,6898,15202,3.0854475339963465
Venezuela (Bolivarian Republic of),VEN,216183,550930,8328514,38.52529569855169
Viet Nam,VNM,1128520,2339779,3693537,3.2729034487647537
Wallis and Futuna Islands*,WLF,6650,7724,12822,1.9281203007518797
Western Sahara,ESH,168120,170154,202107,1.2021591720199858
Yemen,YEM,388323,1199914,2480734,6.38832621297219
Zambia,ZMB,73861,134473,122793,1.6624876457128932
Zimbabwe,ZWE,221449,931334,1519324,6.860830258885793
