country,iso3,rank,points,population,diaspora,diaspora_per_capita,log_population,small_state
France,FRA,1,1877.32,68551653,2547158,0.03715676994688954,18.043098077467423,FALSE
Spain,ESP,2,1876.4,48848840,1623550,0.03323620376655822,17.7042411900094,FALSE
Argentina,ARG,3,1874.81,45696159,1183381,0.0258967279941406,17.637524804192147,FALSE
England,ENG,4,1825.97,57106400,NA,NA,17.860426752408337,FALSE
Portugal,PRT,5,1763.83,10694681,1799179,0.16823119829380606,16.185257073031835,FALSE
Brazil,BRA,6,1761.16,211998573,2194325,0.01035065929429628,19.172090101481558,FALSE
Netherlands,NLD,7,1757.87,17993485,631391,0.03508997840051552,16.705520305898293,FALSE
Morocco,MAR,8,1755.87,38081173,3627829,0.09526568417417185,17.455230570984448,FALSE
Belgium,BEL,9,1734.71,11858610,521884,0.04400886781840367,16.288564743990783,FALSE
Germany,DEU,10,1730.37,83516593,4297233,0.05145364346938817,18.24055588864204,FALSE
Croatia,HRV,11,1717.07,3866200,826166,0.21368941079095752,15.167782670469729,FALSE
Italy,ITA,12,1700.37,58952704,2941444,0.04989498022007608,17.892246053276516,FALSE
Colombia,COL,13,1693.09,52886363,3652238,0.06905821827831118,17.783656075315644,FALSE
Senegal,SEN,14,1688.99,18501984,741357,0.04006905421602353,16.733388527541653,FALSE
Mexico,MEX,15,1681.03,130861007,11596529,0.08861714628254388,18.689646302623085,FALSE
USA,USA,16,1673.13,340110988,3186999,0.00937046761923493,19.64478255760019,FALSE
Uruguay,URY,17,1673.07,3386588,263285,0.07774343970982003,15.03533348283026,FALSE
Japan,JPN,18,1660.43,123975371,1008173,0.00813204261352845,18.635593482873812,FALSE
Switzerland,CHE,19,1649.4,9005582,512547,0.05691436711142045,16.013355165264404,FALSE
Denmark,DNK,20,1620.81,5976992,124665,0.02085748148901655,15.603427989341384,FALSE
IR Iran,IRN,21,1615.3,91567738,1733468,0.01893099073824451,18.33258956236535,FALSE
Türkiye,TUR,22,1599.04,85518661,3130337,0.03660413953394335,18.26424516740227,FALSE
Ecuador,ECU,23,1594.78,18135478,1243065,0.0685432719225818,16.713380688223296,FALSE
Austria,AUT,24,1593.45,9177982,430560,0.04691227330801041,16.0323179127234,FALSE
Korea Republic,KOR,25,1588.66,51751065,2030473,0.03923538578384812,17.761955569608137,FALSE
Nigeria,NGA,26,1585.09,232679478,2094265,0.00900064336572046,19.265172433579874,FALSE
Australia,AUS,27,1580.67,27196812,430718,0.01583707678679398,17.118610318514726,FALSE
Algeria,DZA,28,1564.26,46814308,1780399,0.03803108656438967,17.66169944065878,FALSE
Egypt,EGY,29,1563.24,116538258,4820002,0.0413598253716818,18.57373017191003,FALSE
Canada,CAN,30,1556.48,41288599,1347381,0.03263324580230974,17.53609696655278,FALSE
Norway,NOR,31,1550.94,5572279,120891,0.02169507305718181,15.533314684415792,FALSE
Ukraine,UKR,32,1546.88,37860221,9769216,0.2580337816834191,17.44941154102371,FALSE
Panama,PAN,33,1540.64,4515577,194816,0.0431431021993424,15.323043532902753,FALSE
Côte d'Ivoire,CIV,34,1532.98,31934230,1211422,0.03793490558563648,17.279189033210702,FALSE
Poland,POL,35,1528,36559233,4572613,0.12507409550960766,17.414444325117902,FALSE
Russia,RUS,36,1525.6,143533851,9134094,0.06363721126663006,18.782081460815373,FALSE
Wales,WAL,37,1524.29,3164400,NA,NA,14.967474022129378,FALSE
Sweden,SWE,38,1514.77,10569709,223508,0.02114608831709558,16.173502826720043,FALSE
Serbia,SRB,39,1508.65,6586476,963307,0.14625529645898658,15.700529013828483,FALSE
Paraguay,PRY,40,1503.5,6929153,746362,0.107713309260165,15.75124814147412,FALSE
Czechia,CZE,41,1501.38,10905028,583214,0.05348120151548442,16.2047345252441,FALSE
Hungary,HUN,42,1500.58,9562065,538794,0.05634703382585247,16.07331426588614,FALSE
Scotland,SCT,43,1498.35,5490100,NA,NA,15.518457028256071,FALSE
Tunisia,TUN,44,1483.05,12277109,715249,0.05825874804890956,16.32324702951405,FALSE
Cameroon,CMR,45,1481.24,29123744,409677,0.01406676971202603,17.187064344456733,FALSE
Congo DR,COD,46,1478.35,109276265,2097387,0.01919343601284322,18.509389774944978,FALSE
Greece,GRC,47,1475.82,10405134,780112,0.0749737581466995,16.15780989615078,FALSE
Slovakia,SVK,48,1473.94,5422069,389909,0.07191147881002621,15.505988034891164,FALSE
Venezuela,VEN,49,1468.05,28405543,8328514,0.29320030953113624,17.162094860143405,FALSE
Uzbekistan,UZB,50,1465.34,36361859,2114480,0.05815104227756892,17.409030953579343,FALSE
Costa Rica,CRI,51,1459.9,5129910,50982,0.00993818605004766,15.450598673133408,FALSE
Mali,MLI,52,1459.13,24478595,1292519,0.05280200926564617,17.013309620170464,FALSE
Peru,PER,53,1455.87,34217848,1672482,0.04887747470267563,17.34825793725037,FALSE
Chile,CHL,54,1455.28,19764771,444451,0.02248703007993363,16.799411668508693,FALSE
Qatar,QAT,55,1454.96,2857822,19821,0.00693570138378107,14.865570354216782,FALSE
Romania,ROU,56,1451.16,19051804,4583819,0.24059763579343985,16.762672353216125,FALSE
Iraq,IRQ,57,1447.14,46042015,2313028,0.05023733214108896,17.645064907150424,FALSE
Slovenia,SVN,58,1446.44,2127400,78808,0.03704427940208706,14.570411134799702,FALSE
Republic of Ireland,IRL,59,1436.63,5395790,714405,0.13240044553253555,15.501129577835643,FALSE
South Africa,ZAF,60,1429.73,64007187,1005800,0.01571386038258485,17.974505931894125,FALSE
Saudi Arabia,SAU,61,1421.43,35300280,236699,0.00670530092112583,17.3794014538834,FALSE
Burkina Faso,BFA,62,1412.49,23548781,2050050,0.08705546159692937,16.974584614878925,FALSE
Jordan,JOR,63,1391.45,11552876,659204,0.05705973127384038,16.26244496826465,FALSE
Albania,ALB,64,1388.06,2377128,1216628,0.511805843017288,14.681403594282491,FALSE
Bosnia and Herzegovina,BIH,65,1385.84,3164253,1608324,0.5082792052342212,14.96742756674621,FALSE
Honduras,HND,66,1380.27,10825703,1397584,0.1290986830139345,16.19743377200745,FALSE
North Macedonia,MKD,67,1372.04,1824359,534616,0.2930432003788728,14.416739250425303,FALSE
United Arab Emirates,ARE,68,1370.47,10986400,166074,0.01511632563897182,16.21216870219821,FALSE
Cabo Verde,CPV,69,1366.13,524877,146396,0.27891486957896805,13.17091922841029,TRUE
Northern Ireland,NIR,70,1362.16,1910500,NA,NA,14.462875545869093,FALSE
Jamaica,JAM,71,1358,2839175,1248512,0.4397446441307774,14.85902407497839,FALSE
Georgia,GEO,72,1350.18,3699557,496486,0.13420147331153431,15.123723640716547,FALSE
Finland,FIN,73,1346.41,5619911,181834,0.03235531665892929,15.541826385445546,FALSE
Ghana,GHA,74,1346.31,34427414,1055494,0.03065853276113041,17.354363723577247,FALSE
Iceland,ISL,75,1345.07,386506,23326,0.06035093892462213,12.864902670821849,TRUE
Bolivia,BOL,76,1329.42,12413315,783473,0.06311553360242611,16.334280244797387,FALSE
Israel,ISR,77,1328.33,9974400,324804,0.03256376323387873,16.115532368555154,FALSE
Kosovo,XKX,78,1318.83,1594353,NA,NA,14.281978569272624,FALSE
Oman,OMN,79,1313.46,5281538,17095,0.00323674656889716,15.479727901145155,FALSE
Guinea,GIN,80,1300.01,14754785,508203,0.03444326704862185,16.50707799492126,FALSE
Montenegro,MNE,81,1295.52,623525,90678,0.14542801010384507,13.34314413952935,TRUE
Curaçao,CUW,82,1294.65,155967,10103,0.06477652323889027,11.957399725392719,TRUE
Haiti,HTI,83,1291.71,11772557,2017692,0.17138944411141946,16.281281702880438,FALSE
Syria,SYR,84,1288.56,24672760,8927523,0.3618372245342637,17.021210359021207,FALSE
New Zealand,NZL,85,1281.57,5287500,679772,0.1285620803782506,15.48085610233667,FALSE
Bulgaria,BGR,86,1278.9,6441421,1252234,0.1944033777640058,15.678259725914339,FALSE
Gabon,GAB,87,1272.51,2538952,61160,0.02408867910854557,14.747261955427371,FALSE
Uganda,UGA,88,1264.09,50015092,578034,0.01155719157729431,17.72783535784789,FALSE
Angola,AGO,89,1263.1,37885849,616967,0.01628489307445637,17.450088223021286,FALSE
Benin,BEN,90,1258.98,14462724,726530,0.05023465842257655,16.48708513869602,FALSE
Bahrain,BHR,91,1258.53,1588670,57160,0.03597978183008428,14.278407746166065,FALSE
Zambia,ZMB,92,1255.82,21314956,122793,0.00576088451695607,16.87491954390533,FALSE
Thailand,THA,93,1252.14,71668011,1178757,0.01644746356920663,18.08755505538743,FALSE
China PR,CHN,94,1251.6,1408975000,11701619,0.00830505793218474,21.066128326625346,FALSE
Palestine,PSE,95,1244.73,5289152,4233248,0.8003642171750783,15.481168488527203,FALSE
Guatemala,GTM,96,1243.47,18406359,1460232,0.07933301746423614,16.72820676070013,FALSE
Belarus,BLR,97,1235.82,9132629,790232,0.08652842461902263,16.027364162928215,FALSE
Luxembourg,LUX,98,1227.77,677012,61859,0.0913706108606642,13.425444276995815,TRUE
Vietnam,VNM,99,1225.68,100987686,3693537,0.03657413241452032,18.430509146580512,FALSE
El Salvador,SLV,100,1225.26,6338193,1834670,0.28946262759748714,15.662104270015824,FALSE
Mozambique,MOZ,101,1224.31,34631766,702796,0.0202933919107677,17.36028191132437,FALSE
Trinidad and Tobago,TTO,102,1222.94,1368333,323630,0.23651406492425456,14.129103768595167,FALSE
Tajikistan,TJK,103,1221.78,10590927,514478,0.04857723974492507,16.175508249157353,FALSE
Madagascar,MDG,104,1203.76,31964956,212455,0.00664649749556983,17.280150735676465,FALSE
Equatorial Guinea,GNQ,105,1195.2,1892516,136825,0.07229793565813974,14.453417718683365,FALSE
Armenia,ARM,106,1191.42,3033500,637604,0.21018757211142244,14.925227626364489,FALSE
Kyrgyz Republic,KGZ,107,1191.14,7221868,540573,0.07485224044526984,15.792624203167044,FALSE
Lebanon,LBN,108,1187.96,5805962,681720,0.11741723421544956,15.574395878591798,FALSE
Comoros,COM,109,1187.91,866628,367574,0.42414276944663687,13.67236509794369,TRUE
Kazakhstan,KAZ,110,1182.96,20592571,2796572,0.1358048977954234,16.840440937648825,FALSE
Kenya,KEN,111,1182.23,56432944,540466,0.00957713636205121,17.84856365941559,FALSE
Libya,LBY,112,1182.08,7381023,156874,0.02125369342433969,15.814422804856262,FALSE
Tanzania,TZA,113,1180.27,68560157,225017,0.00328203740840325,18.04322212221617,FALSE
Niger,NER,114,1179.66,27032412,439378,0.01625374753832547,17.112547148455736,FALSE
Mauritania,MRT,115,1170.72,5169395,91705,0.01773998698106838,15.458266218360492,FALSE
The Gambia,GMB,116,1160.38,2759988,72452,0.02625083877176277,14.830736889857794,FALSE
Sudan,SDN,117,1157.22,50448963,3786603,0.07505809386012553,17.73647274954768,FALSE
Korea DPR,PRK,118,1151.05,26498823,46379,0.00175022867996816,17.09261087487573,FALSE
Sierra Leone,SLE,119,1148.98,8642022,63631,0.0073629759331786,15.972147141177787,FALSE
Namibia,NAM,120,1148.84,3030131,40371,0.0133231863572895,14.924116410874408,FALSE
Togo,TGO,121,1147.31,9515236,584790,0.06145827596919299,16.06840486134752,FALSE
Indonesia,IDN,122,1144.88,283487931,3745148,0.01321096099854776,19.462680108797322,FALSE
Faroe Islands,FRO,123,1137.14,54681,12282,0.22461183957864703,10.909271578893042,TRUE
Azerbaijan,AZE,124,1136.67,10202830,810116,0.0794011073398263,16.138175690752487,FALSE
Suriname,SUR,125,1132.43,634431,258026,0.4067045904125114,13.360483813178273,TRUE
Cyprus,CYP,126,1128.33,1358282,80760,0.05945746170530126,14.121731223863835,FALSE
Malawi,MWI,127,1128.03,21655286,427573,0.0197445094929709,16.89076013965517,FALSE
Rwanda,RWA,128,1126.62,14256567,539046,0.0378103648655388,16.472728200629085,FALSE
Estonia,EST,129,1121.1,1372341,124216,0.090513946606565,14.132028598660506,FALSE
Zimbabwe,ZWE,130,1118.12,16634373,1519324,0.09133641526494568,16.626981775110302,FALSE
Nicaragua,NIC,131,1115.13,6916140,905251,0.13088962918622238,15.749368368495412,FALSE
Guinea-Bissau,GNB,132,1108.38,2201352,103999,0.04724323960911295,14.60458227502736,FALSE
Congo,COG,133,1105.96,6332961,231080,0.03648846092688712,15.661278457260751,FALSE
Kuwait,KWT,134,1105.1,4897263,167850,0.03427424665573403,15.404187035593147,FALSE
Philippines,PHL,135,1094.1,115843670,6988383,0.06032598069449975,18.56775216772966,FALSE
India,IND,136,1091.03,1450935791,18533845,0.01277371825477286,21.095474558318678,FALSE
Latvia,LVA,137,1090.57,1866124,161014,0.08628258357965495,14.439374110485964,FALSE
Malaysia,MYS,138,1086.22,35557673,2433875,0.06844865804351145,17.38666652777361,FALSE
Central African Republic,CAF,139,1083.57,5330690,905808,0.1699232181950179,15.488991243673278,FALSE
Liberia,LBR,140,1079.02,5612817,145919,0.02599746259320409,15.540563290506693,FALSE
Turkmenistan,TKM,141,1078.65,7494498,365787,0.04880740511239045,15.829679709290387,FALSE
Burundi,BDI,142,1078.01,14047786,576530,0.04104063088660377,16.457975361255812,FALSE
Dominican Republic,DOM,143,1077.95,11427557,1917153,0.16776577880994162,16.25153827714322,FALSE
Ethiopia,ETH,144,1071.55,132059767,1240645,0.00939457208038236,18.698765158379604,FALSE
Lesotho,LSO,145,1067.13,2337423,246938,0.1056454052176264,14.664559598425937,FALSE
Botswana,BWA,146,1063.63,2521139,16731,0.00663628621825294,14.740221341500533,FALSE
Singapore,SGP,147,1059.53,6036860,269613,0.0446611317804289,15.613394567183342,FALSE
Lithuania,LTU,148,1058.42,2888278,459268,0.15901100932804946,14.876171034749932,FALSE
Yemen,YEM,149,1049.49,40583164,2480734,0.06112717086326734,17.51886385876556,FALSE
Guyana,GUY,150,1049.32,831087,469649,0.565102089191625,13.630489761498435,TRUE
New Caledonia,NCL,151,1036.95,292639,5082,0.01736610636313,12.586695046451004,TRUE
St Kitts and Nevis,KNA,152,1036.33,46843,13872,0.29613816365305384,10.754556863483053,TRUE
Solomon Islands,SLB,153,1031.89,819198,8352,0.01019533739096042,13.61608109185815,TRUE
Fiji,FJI,154,1029.7,928784,181025,0.19490538166032145,13.741631482688586,TRUE
"Hong Kong, China",HKG,155,1026.63,7524100,1240250,0.16483699047062106,15.8336217601175,FALSE
Puerto Rico,PRI,156,1026.11,3203295,1948223,0.6081934383189809,14.979690525505411,FALSE
Tahiti,PYF,157,1019.04,281807,2008,0.00712544400955263,12.54897771845048,TRUE
Myanmar,MMR,158,1011.88,54500091,4320462,0.07927439974366281,17.81371292935685,FALSE
Moldova,MDA,159,1004.16,2402306,864257,0.35976141257608313,14.691939667346627,FALSE
Vanuatu,VUT,160,997.01,327777,15202,0.04637909310293278,12.700088778095612,TRUE
Malta,MLT,161,987.73,568847,43940,0.07724396894068176,13.251366784155943,TRUE
Antigua and Barbuda,ATG,162,986.58,93772,13111,0.13981785607644073,11.448621582969409,TRUE
Grenada,GRD,163,982.57,117207,26300,0.2243893282824405,11.671696881303923,TRUE
Cuba,CUB,164,981.42,10979783,1879613,0.17118853806127135,16.211566230644536,FALSE
Eswatini,SWZ,165,979.01,1242822,11561,0.00930221705119478,14.03289515830766,FALSE
Bermuda,BMU,166,976.87,64636,1100,0.01701837985023826,11.076526810092139,TRUE
St Lucia,LCA,167,976.71,179744,21706,0.12076063735089904,12.09928889533216,TRUE
Papua New Guinea,PNG,168,974.9,10576502,35050,0.00331395011318486,16.174145305907796,FALSE
Afghanistan,AFG,169,972.75,42647492,7528994,0.17654013511509656,17.568479025952527,FALSE
South Sudan,SSD,170,970.94,11943408,3168836,0.2653209201259808,16.295690052337832,FALSE
St Vincent and the Grenadines,VCT,171,968.27,100616,35264,0.3504810368132305,11.519066569726991,TRUE
Maldives,MDV,172,954.93,527799,2773,0.00525389400131489,13.176470808392498,TRUE
Andorra,AND,173,945.34,81938,1982,0.02418902096707266,11.31371814269949,TRUE
Chinese Taipei,TWN,174,923.78,NA,NA,NA,NA,NA
Montserrat,MSR,175,916.75,NA,3341,NA,NA,NA
Nepal,NPL,176,914.54,29651054,2637195,0.088941020443995,17.2050082308369,FALSE
Cambodia,KHM,177,911.54,17638801,778793,0.04415226409096627,16.685611635711275,FALSE
Mauritius,MUS,178,911.49,1245779,114314,0.09176105874316393,14.035271595021802,FALSE
Barbados,BRB,179,909.89,282467,19558,0.0692399466132327,12.551317008586036,TRUE
Belize,BLZ,180,907,417072,7383,0.01770197951432846,12.941014147747097,TRUE
Bangladesh,BGD,181,899.53,173562364,8706947,0.05016610052626386,18.972047539451584,FALSE
Dominica,DMA,182,897.69,66205,21384,0.32299675251113963,11.100511267773857,TRUE
Chad,TCD,183,896.85,20299123,292298,0.01439953834458759,16.82608824110834,FALSE
Eritrea,ERI,184,887.06,3535603,912792,0.2581715198227855,15.078394422680844,FALSE
Laos,LAO,185,885.03,7769819,660258,0.08497726909725954,15.865757427349209,FALSE
Bhutan,BTN,186,880.55,791524,66145,0.0835666385352813,13.581715480016586,TRUE
Mongolia,MNG,187,879.75,3524788,175596,0.04981746419926532,15.075330850575941,FALSE
Cook Islands,COK,188,877.53,NA,20288,NA,NA,NA
Aruba,ABW,189,877.3,107995,29305,0.27135515533126536,11.589840208738353,TRUE
Samoa,WSM,190,876.41,218019,119313,0.5472596425082218,12.29233749393667,TRUE
Sri Lanka,LKA,191,871.82,21916000,1492103,0.06808281620733711,16.902727521640443,FALSE
American Samoa,ASM,192,871.61,46765,3362,0.07189137175237892,10.752890338868651,TRUE
Brunei Darussalam,BRN,193,863.09,462721,46552,0.1006049001450118,13.04487955964431,TRUE
Macau,MAC,194,858.03,687000,149247,0.21724454148471617,13.440089571204487,TRUE
Cayman Islands,CYM,195,855.45,74457,609,0.00817921753495306,11.217977056526403,TRUE
São Tomé and Príncipe,STP,196,855.44,235536,41433,0.17590941512125535,12.369619046997794,TRUE
Djibouti,DJI,197,853.58,1168722,3576,0.00305975244754526,13.971421402078803,FALSE
Somalia,SOM,198,839.17,19009151,1935594,0.10182432660985229,16.7604310527624,FALSE
Tonga,TON,199,835.64,104175,53237,0.5110343172546197,11.553827456290653,TRUE
Timor-Leste,TLS,200,825.64,1400638,109613,0.07825933610254755,14.152438405064983,FALSE
Guam,GUM,201,825.43,167777,1179,0.0070271848942346,12.030390995682554,TRUE
Pakistan,PAK,202,824.6,251269164,6915057,0.0275205158082987,19.342035289055662,FALSE
Gibraltar,GIB,203,810.14,39329,474,0.01205217523964504,10.579717439219063,TRUE
Seychelles,SYC,204,804.16,121354,22191,0.18286171036801424,11.706467173116646,TRUE
Turks and Caicos Islands,TCA,205,803.98,46535,2663,0.05722574406360804,10.74795999661981,TRUE
Liechtenstein,LIE,206,803.57,40450,346,0.00855377008652657,10.607821922486638,TRUE
Bahamas,BHS,207,786.82,401283,2174,0.0054176229743099,12.902422193035248,TRUE
British Virgin Islands,VGB,208,782.14,39471,6185,0.1566973220845684,10.583321504033949,TRUE
US Virgin Islands,VIR,209,779.76,104377,4047,0.03877290974065167,11.55576462364622,TRUE
Anguilla,AIA,210,760.25,NA,1614,NA,NA,NA
San Marino,SMR,211,726.33,33977,1991,0.05859846366659799,10.433439104100595,TRUE
